x_meters,y_meters
-0.0014285385693964677,-0.0016071792085506176
0.052441234436693705,0.003269959346963166
0.10582130269491766,0.007506323558629004
0.15873225118647097,0.011130166877646765
0.21119466489254907,0.014169742755216309
0.2632291287943477,0.016653304642537503
0.31485622787306244,0.018609105990810212
0.36609654710988876,0.02006540025123431
0.41697067148602246,0.02105044087500966
0.4674991859826588,0.02159248131333612
0.5177026755809937,0.021719775017413567
0.5676017252622224,0.021460575438441865
0.6172169200075409,0.020843136027620873
0.6665688447981445,0.019895710236150468
0.7156780846152286,0.01864655151523051
0.7645652244399891,0.017123913316060852
0.8132508492536217,0.015356049089841395
0.8617555440373215,0.013371212287771966
0.9100998937722845,0.01119765636105246
0.9583044834397062,0.008863634760882727
1.006389898020782,0.006397400938462645
1.0543767224967076,0.0038272083449920552
1.1022855418486786,0.0011813104316708784
1.1501369410578903,-0.0015120393503010926
1.1979515051055394,-0.004224587549723949
1.24574981897282,-0.006928080715397812
1.2935524676409285,-0.009594265396122842
1.34138003609106,-0.01219488814069917
1.3892531093044103,-0.014701695497926928
1.4371922722621753,-0.01708643401660623
1.4852181099455508,-0.01932085024553724
1.533351207335731,-0.02137669073352006
1.5816121494139133,-0.02322570202935486
1.6300215211612918,-0.02483963068184176
1.6785999075590627,-0.026190223239780885
1.7273678935884222,-0.027249226251972358
1.7763460642305646,-0.02798838626721635
1.8255550044666862,-0.028379449834312943
1.8750152992779823,-0.028394163502062322
1.924746281455529,-0.02800627829134747
1.9747482793902986,-0.02721996695284762
2.0250068535959778,-0.02606304225586278
2.0755071766328963,-0.024563937994937314
2.126234421061385,-0.022751087964615717
2.1771737594417733,-0.02065292595944232
2.2283103643343924,-0.01829788577396154
2.2796294082995723,-0.015714401202717783
2.3311160638976425,-0.012930906040255482
2.382755503688933,-0.009975834081119007
2.434532900233775,-0.006877619119852818
2.4864334260924976,-0.003664694951001244
2.538442253825433,-0.0003654953691087054
2.5905445559929094,0.0029915458312803874
2.6427255051552563,0.006377994855621563
2.694970273872806,0.009765417909370508
2.747264034705887,0.013125381197982799
2.7995919602148303,0.01642945092691399
2.8519392229599663,0.01964919330161974
2.9042909955016234,0.02275617452755557
2.9566324504001344,0.025721960810177125
3.008948760215828,0.02851811835494002
3.0612250975090345,0.031116213367299802
3.1134466348400833,0.03348781205271206
3.1655985447693067,0.035604480616632454
3.217665999857033,0.037437785264516535
3.269634172663593,0.03895929220181989
3.3214882357493165,0.040140567633998155
3.3732133616745346,0.04095317776650691
3.424794722999575,0.0413686888048017
3.4762174922847713,0.04135866695433817
3.527466842090451,0.04089467842057194
3.578527944976946,0.039948289408958594
3.629385973504586,0.038491066124953684
3.6800261002337007,0.036494574774012814
3.7304334977246203,0.0339303815615916
3.7805933385376753,0.030770052693145603
3.8304907952331946,0.026985154374130516
3.880111040371511,0.022547252810001833
3.9294392465129526,0.017427914206215214
3.9784605862178504,0.011598704768226178
4.027161721770638,0.005033908215227094
4.07554058995485,-0.00227162510243908
4.123600286208502,-0.01031363455880572
4.171343932648732,-0.01908781086059818
4.21877465139267,-0.02858984471454185
4.26589556455745,-0.03881542682736208
4.312709794260204,-0.049760247905784344
4.359220462618068,-0.06141999865653367
4.405430691748175,-0.07379036978633605
4.451343603767659,-0.08686705200191651
4.49696232079365,-0.10064573601000051
4.542289964943284,-0.11512211251731343
4.5873296583336955,-0.1302918722305807
4.632084523082016,-0.14615070585652765
4.676557681305379,-0.16269430410187968
4.720752255120919,-0.1799183576733622
4.764671366645769,-0.1978185572777006
4.808318137997061,-0.21639059362161994
4.851695691291931,-0.23563015741184629
4.89480714864751,-0.2555329393551046
4.937655632180933,-0.2760946301581204
4.980244264009333,-0.29731092052761887
5.022576166249842,-0.31917750117032573
5.064654461019598,-0.3416900627929661
5.1064822704357296,-0.36484429610226543
5.148062716615372,-0.38863589180494923
5.189398921675658,-0.4130605406077422
5.2304940077337205,-0.43811393321737097
5.271351096906696,-0.4637917603405601
5.311973311311715,-0.4900897126840352
5.352363773065911,-0.5170034440112304
5.392525604286418,-0.5445247969507332
5.432461927090372,-0.5726385426985253
5.472175863594902,-0.6013286842708577
5.511670535917142,-0.630579224683981
5.55094906617423,-0.6603741669541454
5.590014576483296,-0.6906975140976028
5.6288701889614705,-0.7215332691306033
5.667519025725893,-0.7528654350693977
5.705964208893694,-0.7846780149302371
5.744208860582005,-0.8169550117293721
5.782256102907964,-0.849680428483053
5.820109057988701,-0.8828382682075313
5.85777084794135,-0.9164125339190574
5.895244594883044,-0.9503872286338817
5.932533420930917,-0.9847463553682555
5.969640448202104,-1.0194739171384297
6.006568798813737,-1.0545539169606548
6.043321594882947,-1.0899703578511817
6.079901958526872,-1.125707242826261
6.116313011862643,-1.1617485749021434
6.1525578770073945,-1.19807835709508
6.188639676078257,-1.234680592421321
6.224561531192365,-1.2715392838971173
6.260326564466855,-1.3086384345387203
6.29593789801886,-1.3459620473623803
6.3313986539655085,-1.3834941253843485
6.3667119544239394,-1.421218671620875
6.401880921511282,-1.459119689088211
6.436908677344672,-1.4971811808026072
6.471798344041243,-1.5353871497803142
6.506553043718128,-1.573721599037583
6.541175898492461,-1.6121685315906638
6.575670030481374,-1.6507119504558079
6.610038561802,-1.6893358586492664
6.644284614571475,-1.7280242591872896
6.678411310906932,-1.7667611550861282
6.712421772925502,-1.8055305493620333
6.746319609142504,-1.844317776368726
6.780110918133812,-1.8831149860916965
6.813802593180218,-1.9219165037310515
6.847401527908206,-1.9607166554330968
6.880914615944259,-1.9995097673441375
6.9143487509148605,-2.0382901656104817
6.947710826446495,-2.077052176378432
6.9810077361656475,-2.1157901257942955
7.014246373698799,-2.154498340004378
7.047433632672433,-2.193171145154984
7.080576406713036,-2.231802867392421
7.113681589447087,-2.270387832862993
7.146756074501074,-2.308920367713005
7.1798067555014775,-2.3473947980887657
7.2128405260747845,-2.385805450136579
7.245864279847473,-2.4241466500027493
7.278884910446031,-2.4624127238335847
7.311909311496941,-2.5005979977753885
7.344944376626688,-2.5386967979744686
7.377996999461752,-2.5767034505771287
7.411074073628617,-2.6146122817296744
7.44418249275377,-2.652417617578413
7.4773291504636905,-2.6901137842696494
7.510520940384867,-2.7276951079496885
7.543764756143778,-2.7651559147648377
7.577067491366909,-2.8024905308614003
7.610436039680743,-2.839693282385682
7.643877294711767,-2.8767584954839918
7.67739815008646,-2.9136804963026326
7.711005499431306,-2.9504536109879105
7.744706236372793,-2.987072165686131
7.778507254537399,-3.023530486543601
7.8124154475516105,-3.0598228997066244
7.846437709041911,-3.0959437313215075
7.880580932634784,-3.131887307534556
7.91485201195671,-3.1676479544920757
7.9492578406341785,-3.203219998340373
7.9838053122936685,-3.2385977652257516
8.018501320561663,-3.2737755812945184
8.05335275906465,-3.308747772692978
8.088366521429109,-3.3435086655674384
8.123549501281525,-3.378052586064203
8.15890859224838,-3.4123738603295775
8.194450687956161,-3.4464668145098694
8.230182682031348,-3.480325774751383
8.266111468100425,-3.5139434571081103
8.302243939789879,-3.5473030230921907
8.338586990726188,-3.580384123410563
8.375147514535843,-3.613166403369095
8.411932404845322,-3.645629508273651
8.44894855528111,-3.677753083430101
8.486202859469687,-3.709516774144311
8.523702211037541,-3.7409002257221484
8.561453503611157,-3.771883083469481
8.599463630817015,-3.802444992692173
8.637739486281598,-3.832565598696093
8.67628796363139,-3.86222454678711
8.71511595649288,-3.891401482271089
8.754230358492544,-3.9200760504538983
8.79363806325687,-3.948227896641405
8.833345964412338,-3.9758366661394744
8.873360955585435,-4.0028820042539754
8.913689930402644,-4.029343556290774
8.954339782490447,-4.055200967555737
8.995317405475328,-4.080433883354735
9.03662969298377,-4.105021948993631
9.07828353864226,-4.128944809778294
9.12028583607728,-4.15218211101459
9.162643478915307,-4.174713498008387
9.205363360782835,-4.1965186160655525
9.248452375306343,-4.217577110491952
9.29191741611231,-4.237868626593454
9.335765376827228,-4.257372809675926
9.380003151077574,-4.276069305045232
9.424637632489835,-4.293937758007243
9.46967571469049,-4.310957813867825
9.515124291306032,-4.327109117932843
9.560990185446686,-4.342371466430257
9.607273474310714,-4.356739093497156
9.653961998897298,-4.370232421743089
9.701042308033452,-4.382874639343527
9.74850095054619,-4.3946889344739395
9.796324475262532,-4.405698495309799
9.844499431009497,-4.415926510026577
9.8930123666141,-4.425396166799743
9.941849830903358,-4.434130653804773
9.99099837270429,-4.442153159217131
10.040444540843911,-4.449486871212291
10.090174884149238,-4.456154977965726
10.140175951447286,-4.462180667652905
10.190434291565083,-4.467587128449303
10.24093645332963,-4.4723975485303855
10.291668985567949,-4.476635116071627
10.342618437107063,-4.480323019248497
10.393771356773986,-4.483484446236472
10.445114293395733,-4.486142585211016
10.496633795799323,-4.488320624347603
10.54831641281177,-4.490041751821705
10.600148693260097,-4.491329155808791
10.652117185971317,-4.492206024484336
10.704208439772444,-4.492695546023808
10.7564090034905,-4.492820908602679
10.808705425952503,-4.492605300396418
10.861084255985467,-4.492071909580501
10.913532042416406,-4.491243924330396
10.966035334072345,-4.490144532821574
11.01858067978029,-4.488796923229508
11.071154628367271,-4.487224283729667
11.123743728660294,-4.485449802497524
11.176334529486383,-4.483496667708548
11.228913579672552,-4.481388067538212
11.281467428045817,-4.479147190161988
11.333982623433197,-4.476797223755344
11.38644571466171,-4.474361356493755
11.438843250558367,-4.471862776552689
11.491161779950193,-4.46932467210762
11.5433878516642,-4.466770231334015
11.595508014527407,-4.464222642407349
11.64750881736683,-4.461705093503092
11.699376809009486,-4.459240772796715
11.751098538282395,-4.456852868463689
11.80266055401257,-4.454564568679486
11.85404940502703,-4.452399061619577
11.90525164015279,-4.450379535459431
11.956253808216871,-4.448529178374523
12.007042458046282,-4.44687117854032
12.057604831391703,-4.4454263306295525
12.10793890804353,-4.444178337887401
12.158051127294833,-4.443081682673404
12.207948157513512,-4.44209005607491
12.257636667067457,-4.441157149179273
12.30712332432458,-4.440236653073846
12.356414797652773,-4.43928225884598
12.40551775541993,-4.438247657583027
12.454438865993957,-4.43708654037234
12.50318479774274,-4.435752598301269
12.551762219034185,-4.43419952245717
12.60017779823619,-4.432381003927391
12.64843820371665,-4.430250733799287
12.696550103843464,-4.4277624031602105
12.744520166984529,-4.424869703097511
12.792355061507742,-4.421526324698542
12.840061455781006,-4.417685959050655
12.887646018172214,-4.413302297241203
12.93511541704926,-4.40832903035754
12.982476320780048,-4.402719849487014
13.02973539773248,-4.39642844571698
13.07689931627444,-4.38940851013479
13.12397474477384,-4.381613733827796
13.170968351598566,-4.372997807883348
13.217886805116525,-4.363514423388801
13.264736773695613,-4.353117271431506
13.311524925703722,-4.341760043098813
13.358257929508758,-4.329396429478079
13.404942453478608,-4.315980121656653
13.45158516598118,-4.301464810721887
13.498192735384366,-4.285804187761134
13.54476914322853,-4.268954925850584
13.591283400379325,-4.250912510442791
13.637680044972308,-4.231699588170917
13.683903112126167,-4.21133936394387
13.729896636959609,-4.18985504267055
13.775604654591328,-4.167269829259862
13.820971200140024,-4.143606928620707
13.865940308724399,-4.11888954566199
13.91045601546315,-4.093140885292612
13.95446235547498,-4.0663841524214765
13.997903363878587,-4.038642551957486
14.040723075792666,-4.009939288809548
14.082865526335922,-3.98029756788656
14.12427475062705,-3.9497405940974266
14.164894783784755,-3.9182915723510527
14.204669660927731,-3.8859737075563414
14.243543417174678,-3.8528102046221906
14.281460087644293,-3.8188242684575098
14.318363707455283,-3.7840391039711974
14.354198311726341,-3.7484779160721606
14.388907935576167,-3.712163909669298
14.422436614123466,-3.675120289671517
14.45472838248693,-3.637370260987716
14.485727275785262,-3.598937028526803
14.515377797234038,-3.559843797197676
14.543664343981213,-3.520113771909243
14.570641107592769,-3.4797701575704045
14.596369320799546,-3.438836159090062
14.620910216332389,-3.3973349813771216
14.644325026922147,-3.3552898293404825
14.66667498529965,-3.3127239078890534
14.68802132419576,-3.2696604219317305
14.708425276341309,-3.2261225763774237
14.727948074467145,-3.1821335761350307
14.746650951304112,-3.1377166261134586
14.764595139583056,-3.0928949312216045
14.781841872034814,-3.0476916963683798
14.798452381390232,-3.002130126462679
14.814487900380156,-2.9562334264134136
14.83000966173543,-2.9100248011294774
14.8450788981869,-2.8635274555197823
14.859756842465401,-2.816764594493224
14.87410472730179,-2.769759422958714
14.888183785426897,-2.722535145825147
14.902055249571577,-2.6751149680014277
14.915780352466667,-2.627522094396464
14.929420326843013,-2.5797797299191516
14.94303640543146,-2.5319110794784008
14.956689820962856,-2.4839393479831093
14.970441806168031,-2.4358877403421837
14.984353593777847,-2.387779461464523
14.998486416523132,-2.3396377162590367
15.012901507134734,-2.2914857096346197
15.027660098343505,-2.243346646500183
15.042822811713496,-2.1952437317646223
15.058430749580234,-2.1472001703368475
15.074501869920615,-2.0992391671257553
15.091052787916832,-2.051383927040255
15.108100118751073,-2.003657654989243
15.125660477605523,-1.9560835558816285
15.143750479662373,-1.9086848346263092
15.162386740103809,-1.8614846961321938
15.181585874112011,-1.8145063453081822
15.201364496869184,-1.7677729870631742
15.221739223557504,-1.7213078263060793
15.242726669359165,-1.6751340679457942
15.264343449456346,-1.6292749168912288
15.286606179031246,-1.5837535780512784
15.309531473266043,-1.5385932563348534
15.333135947342937,-1.4938171566508505
15.3574362164441,-1.449448483908179
15.382448895751736,-1.405510443015735
15.408190600448018,-1.362026238882429
15.434677945715146,-1.3190190764171568
15.461927546735302,-1.2765121605288272
15.489956018690677,-1.2345286961263389
15.518779976763454,-1.1930918881185995
15.548416036135833,-1.1522249414145065
15.578880811989983,-1.111951060922969
15.610190919508108,-1.0722934515528837
15.642362973872387,-1.0332753182131598
15.67541359026501,-0.9949198658126974
15.709355131502686,-0.957250299260397
15.744173945395925,-0.9202898234651666
15.779846545250667,-0.8840616433359043
15.816349426004544,-0.8485889637815179
15.853659082595174,-0.8138949897109059
15.891752009960168,-0.7800029260329762
15.930604703037158,-0.7469359776566267
15.970193656763753,-0.714717349490765
16.01049536607757,-0.6833702464442903
16.051486325916244,-0.6529178734261092
16.093143031217384,-0.6233834353451213
16.135441976918607,-0.594790137110233
16.178359657957532,-0.5671611836303438
16.221872569271785,-0.5405197798143608
16.26595720579898,-0.5148891305711825
16.310590062476738,-0.49029244080971635
16.355747634242682,-0.4667529154388629
16.401406416034423,-0.44429375936752413
16.44754290278959,-0.422938177504606
16.494133589445795,-0.4027093747590087
16.54115497094066,-0.3836305560396378
16.588583542211804,-0.3657249262553941
16.636395798196844,-0.34901569031518265
16.684568233833403,-0.33352605312790456
16.7330773440591,-0.31927921960246486
16.781899623811555,-0.30629839464776465
16.831011568028384,-0.2946067831727086
16.88038967164721,-0.28422759008619825
16.93001041065864,-0.2751838980611685
16.97984839052711,-0.2674867221363392
17.029874791281504,-0.26112497827273734
17.080060426869963,-0.2560852206742276
17.1303761112406,-0.2523540035446757
17.180792658341584,-0.24991788108794646
17.23128088212102,-0.24876340750790557
17.281811596527053,-0.248877137008418
17.332355615507815,-0.2502456237933491
17.382883753011445,-0.25285542206656403
17.433366822986073,-0.2566930860319284
17.483775639379832,-0.26174516989330693
17.53408101614086,-0.26799822785456556
17.584253767217294,-0.2754388141195687
17.634264706557264,-0.28405348289218274
17.684084648108893,-0.2938287883762717
17.733684405820338,-0.30475128477570207
17.783034793639718,-0.31680752629433784
17.832106625515173,-0.32998406713604567
17.88087071539483,-0.3442674615046893
17.929297877226837,-0.35964426360413576
17.977358924959315,-0.37610102763824815
18.025024672540408,-0.3936243078108943
18.072265933918235,-0.4122006583259368
18.119053523040947,-0.4318166333872421
18.16535825385667,-0.452458787198677
18.211150940313537,-0.47411367396410375
18.256402396359693,-0.49676784788739103
18.30108343594326,-0.5204078631724004
18.345164873012376,-0.545020274023001
18.38861752151518,-0.5705916346430542
18.4314121953998,-0.5971084992364291
18.473519708614372,-0.6245574220069869
18.51491093487757,-0.6529249178287734
18.555577872994764,-0.6821836009823973
18.595564697971493,-0.7122717531014533
18.634923498802472,-0.7431224483073648
18.673706364482403,-0.7746687607215638
18.711965384006007,-0.8068437644654735
18.749752646367998,-0.8395805336605255
18.78712024056308,-0.8728121424281432
18.824120255585978,-0.906471664889759
18.86080478043139,-0.9404921751667952
18.897225904094043,-0.9748067473806821
18.933435715568642,-1.0093484556528494
18.969486303849894,-1.0440503741047198
19.005429757932518,-1.0788455768577259
19.04131816681123,-1.1136671380332905
19.07720361948074,-1.1484481317528454
19.11313820493576,-1.1831216321378144
19.149174012171,-1.2176207133096288
19.185363130181177,-1.2518784493897124
19.22175764796099,-1.285827914499496
19.258409654505176,-1.3194021827604037
19.295371238808425,-1.3525343282938673
19.332694489865464,-1.3851574252213101
19.370431496671,-1.4172045476641635
19.40863434821974,-1.448608769743851
19.447355133506406,-1.4793031655818047
19.486645941525712,-1.509220809299448
19.526558861272356,-1.5382947750182117
19.56713504800768,-1.566467505607127
19.608365683742463,-1.5937242643292722
19.65022768136144,-1.6200625411808642
19.692697952652946,-1.6454798270975934
19.735753409405326,-1.6699736130151566
19.779370963406922,-1.6935413898692444
19.82352752644606,-1.7161806485955529
19.868200010311085,-1.7378888801297736
19.913365326790338,-1.7586635754076028
19.959000387672134,-1.7785022253647298
20.005082104744837,-1.7974023209368526
20.051587389796776,-1.8153613530596624
20.098493154616285,-1.8323768126688538
20.1457763109917,-1.8484461907001195
20.19341377071136,-1.8635669780891533
20.241382445563602,-1.8777366657716483
20.28965924733678,-1.8909527446833008
20.338221087819203,-1.9032127057598012
20.38704487879922,-1.9145140399368439
20.43610753206518,-1.9248542381501237
20.4853859594054,-1.9342307913353327
20.534857072608236,-1.9426411904281655
20.584497783462016,-1.950082926364316
20.63428500375508,-1.9565534900794765
20.684195645275764,-1.9620503725093414
20.7342066198124,-1.9665710645896035
20.784294839153333,-1.9701130572559582
20.834437215086904,-1.972673841444097
20.884610659401442,-1.974250908089715
20.934792083885288,-1.974841748128505
20.98495840032678,-1.9744438524961607
21.035086520514252,-1.9730547121283757
21.085153356236038,-1.9706718179608438
21.135135819280492,-1.9672926609292585
21.185010821435927,-1.9629147319693134
21.23475527449071,-1.957535522016702
21.28434609023315,-1.9511525220071178
21.3337601804516,-1.9437632228762554
21.382974456934388,-1.9353651155598062
21.431965831469864,-1.9259556909934663
21.48071121584636,-1.9155324401129274
21.529187521852208,-1.9040928538538844
21.577371661275752,-1.8916344231520295
21.62524054590532,-1.8781546389430577
21.67277108752927,-1.8636509921626616
21.719940197935912,-1.8481209737465358
21.766724788913603,-1.8315620746303722
21.813101772250675,-1.813971785749867
21.85904805973546,-1.7953475980407112
21.904540563156306,-1.7756870024386
21.94955619430154,-1.7549874898792253
21.99407186495951,-1.7332465512982838
22.038064486918547,-1.710461677631465
22.081510971966978,-1.6866303598144663
22.124388231893168,-1.661750088782978
22.166673178485425,-1.635818355472697
22.208342723532102,-1.6088326508193156
22.249373778821532,-1.5807904657585248
22.289743256142057,-1.5516892912260225
22.32943909850657,-1.521539153136425
22.36850567370329,-1.4904141938916986
22.407005342567807,-1.4584090017172158
22.445000473687838,-1.425618173647277
22.482553435651145,-1.392136306716176
22.519726597045437,-1.3580579979582132
22.556582326458475,-1.3234778444076805
22.59318299247798,-1.28849044309888
22.629590963691694,-1.253190391066103
22.66586860868736,-1.2176722853436515
22.7020782960527,-1.1820307229658171
22.738282394375467,-1.1463603009669012
22.774543272243378,-1.1107556163811965
22.810923298244184,-1.0753112662430038
22.847484840965617,-1.0401218475866172
22.884290268995414,-1.0052819574463314
22.92140195092132,-0.9708861928564483
22.958882255331062,-0.9370291508512596
22.996793550812374,-0.9038054284650663
23.035198205952998,-0.871309622732161
23.07415858934067,-0.8396363306868448
23.113737069563136,-0.8088801493634098
23.15399601520812,-0.7791356757961574
23.194997794863355,-0.7504975070193799
23.236804777116586,-0.7230602400673781
23.279479330555546,-0.6969184719744448
23.323081678864536,-0.6721638930987685
23.367615675689606,-0.6488118036727225
23.413024593554166,-0.6267954071318016
23.459248716490652,-0.6060438570437335
23.506228328531517,-0.5864863069762521
23.553903713709207,-0.5680519104970861
23.60221515605616,-0.5506698211739695
23.65110293960483,-0.5342691925746316
23.700507348387664,-0.5187791782668029
23.7503686664371,-0.5041289318182166
23.80062717778559,-0.49024760679660195
23.851223166465573,-0.4770643567696917
23.90209691650951,-0.4645083353052156
23.953188711949828,-0.4525086959709065
24.004438836818977,-0.4409945923344937
24.05578757514941,-0.4299180571799281
24.10717521097357,-0.41937103924288716
24.158542028323893,-0.40949836106900916
24.209828311232844,-0.40044494372673634
24.260974343732855,-0.39235570828451294
24.311920409856373,-0.38537557581078113
24.362606793635848,-0.37964946737398503
24.41297377910372,-0.3753223040425671
24.46296165029244,-0.3725390068849713
24.512510691234453,-0.3714444969696403
24.5615611859622,-0.37218369536501744
24.610053418508137,-0.37490152313954594
24.65792767290469,-0.37974290136166927
24.705124233184325,-0.3868527510998302
24.751584074441055,-0.39637319248027963
24.79727368885788,-0.40834292229524727
24.842191956842406,-0.42266936459795246
24.886339848630602,-0.4392514731563999
24.929718334458467,-0.45798820173859844
24.972328384561973,-0.4787785041125524
25.014170969177123,-0.5015213340462713
25.055247058539894,-0.5261156453077588
25.095557622886275,-0.5524603916650247
25.13510363245226,-0.5804545268860722
25.17388605747383,-0.6099970047389119
25.21190586818697,-0.6409867789915464
25.249164034827675,-0.6733228034119869
25.28566152763192,-0.7069040317682354
25.32139931683571,-0.7416294178283005
25.356378372675017,-0.7773979153601924
25.390599665385825,-0.8141084781319118
25.424064165204136,-0.8516600599114709
25.456772842365933,-0.8899516144668712
25.488726667107198,-0.9288820955661247
25.519926609663916,-0.9683504569772325
25.55037455683452,-1.0082556524682074
25.58013628080226,-1.04849663580705
25.60938205835886,-1.0889723607617727
25.638291828701398,-1.1295817811003765
25.66704553102696,-1.170223850590874
25.695823104532632,-1.2107975230012658
25.724804488415504,-1.2512017520995653
25.754169621872656,-1.291335491653772
25.78409844410118,-1.3310976954318992
25.814770894298146,-1.370387317201948
25.846366911660663,-1.4091033107319306
25.879066435385795,-1.447144629789848
25.91304485777171,-1.4844102281437097
25.948361492726555,-1.5207990595615255
25.984952803072588,-1.556210077811296
26.022749348828388,-1.5905422366610333
26.061681690012524,-1.6236944898787393
26.101680386643558,-1.6555657912324258
26.142675998740067,-1.686055094490095
26.184599086320624,-1.7150613534197565
26.227380209403794,-1.7424835217894148
26.270949928008154,-1.7682205533670792
26.31523880215226,-1.7921714019207537
26.360179264112958,-1.814247980482936
26.405711660910157,-1.8344169857938035
26.451778430657935,-1.852659588580572
26.498322011482692,-1.868956959656168
26.545284841510874,-1.8832902698335237
26.59260935886892,-1.8956406899255671
26.640238001683247,-1.9059893907452288
26.688113208080306,-1.9143175431054384
26.73617741618651,-1.9206063178191266
26.784373064128296,-1.9248368856992204
26.832642590032094,-1.9269904175586523
26.880928432024348,-1.9270480842103501
26.92917302823148,-1.9249910564672446
26.977318816779924,-1.920800505142266
27.025308235796107,-1.9144576010483427
27.07308372340647,-1.9059435149984048
27.12058771773744,-1.8952394178053815
27.16776265691545,-1.8823264802822057
27.214550979066928,-1.8671858732418025
27.2608951223183,-1.8497991900509563
27.30673752479602,-1.8301910628446578
27.352020624626498,-1.8084656790999103
27.39668685993618,-1.7847358279888892
27.440678668851497,-1.7591142986837773
27.48393848949887,-1.7317138803567567
27.526408760004728,-1.7026473621800116
27.568031918495524,-1.6720275333257142
27.608750403097666,-1.6399671829660503
27.648506651937595,-1.6065791002732046
27.68724310314176,-1.5719760744193494
27.724902194836574,-1.5362708945766697
27.761426365148473,-1.4995763499173465
27.79675805220388,-1.4620052296135657
27.83083969412924,-1.4236703228374976
27.863613729050986,-1.3846844187613288
27.895040175397572,-1.3451600525923102
27.925242760010633,-1.3052073946070204
27.954434260919246,-1.2649353286491447
27.982828346640403,-1.2244527256984006
28.010638685691116,-1.1838684567345006
28.038078946588385,-1.1432913927371637
28.06536279784922,-1.1028304046860906
28.092703907990632,-1.0625943635609993
28.120315945529605,-1.0226921403416087
28.148412578983155,-0.9832326060076194
28.1772074768683,-0.9443246315387498
28.20691430770204,-0.9060770879147125
28.237746740001356,-0.868598846115226
28.269918442283288,-0.8319987771199914
28.303637838291785,-0.7963857519087267
28.338979970361695,-0.761868641461145
28.375879005295065,-0.7285563167569632
28.414262364891968,-0.6965576487758841
28.454057470952492,-0.6659815084976257
28.495191745276713,-0.6369367669019
28.537592609664713,-0.609532294968424
28.5811874859166,-0.5838769636769021
28.62590379583243,-0.5600796440070507
28.671668961212305,-0.5382492069385828
28.7184104038563,-0.5184945234512133
28.7660555455645,-0.5009244645246494
28.81453180813701,-0.48564790113860645
28.863766613373873,-0.47277370427279863
28.913687383075214,-0.4624107449069352
28.96422153904109,-0.4546678940207304
29.015290405847033,-0.4496380048065271
29.06676859523284,-0.44729121293808766
29.118509118343084,-0.44754090798475504
29.17036486937159,-0.45030017227916913
29.22218874251224,-0.455482088153969
29.273833631958873,-0.4629997379417929
29.325152431905366,-0.4727662039752819
29.375998036545557,-0.4846945685870744
29.42622334007333,-0.49869791410981
29.475681236682515,-0.5146893228761251
29.524224620566994,-0.5325818772186637
29.571706385920606,-0.5522886594700629
29.61797942693723,-0.5737227519629621
29.662896637810707,-0.5967972370299965
29.706310957805346,-0.6214251970038127
29.7481321553597,-0.6475197142170468
29.78843792947819,-0.6749938710023332
29.827336848601934,-0.7037607496923198
29.864937481172028,-0.7337334326196416
29.90134839562957,-0.7648250021169382
29.936678160415635,-0.7969485405168437
29.971035343971366,-0.8300171301520067
30.004528514737835,-0.8639438533550624
30.037266241156154,-0.8986417924586496
30.069357091667406,-0.9340240297954021
30.100909634712707,-0.9700036476979701
30.132032438733148,-1.0064937284989872
30.162834072169833,-1.0434073545310927
30.193423103463857,-1.0806576081269208
30.223908101056328,-1.1181575716191214
30.254397633388326,-1.155820327340328
30.285000268900983,-1.1935589576231804
30.315822968340154,-1.2312867062993182
30.34694479094154,-1.2689196200116113
30.378421163129154,-1.3063761194073669
30.410306764757078,-1.3435747001296408
30.442656275679376,-1.3804338578215056
30.475524375750126,-1.4168720881260184
30.508965744823374,-1.4528078866862408
30.543035062753198,-1.488159749145229
30.57778700939366,-1.5228461711460564
30.613276264598845,-1.5567856483317783
30.649557508222788,-1.5898966763454574
30.68668542011957,-1.6220977508301508
30.724714680143276,-1.6533073674289296
30.763699968147947,-1.6834440217848512
30.803695963987675,-1.7124262095409768
30.84475734751649,-1.7401724263403657
30.88693879858849,-1.766601167826087
30.93029499705774,-1.7916309296411976
30.974880622778294,-1.8151802074287606
31.02073652178266,-1.8371674968318348
31.06777305788139,-1.8575112934934876
31.115828885632286,-1.876130093056778
31.16474191772792,-1.892942391164766
31.214350066860852,-1.9078666834605178
31.264491245723633,-1.920821465587093
31.31500336700884,-1.9317252331875532
31.365724343408992,-1.9404964819049595
31.416492087616675,-1.9470537073823757
31.467144512324452,-1.9513154052628632
31.51751953022487,-1.953200071189483
31.56745505401047,-1.9526262008052981
31.616788996373835,-1.9495122897533692
31.66535927000751,-1.943776833676759
31.713003787604062,-1.9353383282185288
31.7595617827993,-1.9241166666141079
31.804948665172628,-1.9101123382300937
31.84919617890501,-1.8934489174698088
31.89234587503084,-1.8742603546427654
31.934439304584505,-1.8526806000584777
31.97551801860041,-1.8288436040264502
32.015623568112915,-1.8028833168561988
32.05479750415643,-1.7749336888572387
32.09308137776536,-1.745128670339073
32.130516739974055,-1.7136022116112168
32.167145141816945,-1.6804882629831819
32.2030081343284,-1.6459207747644853
32.23814726854281,-1.610033697264628
32.27260409549457,-1.572960980793126
32.306420166218075,-1.5348365756594915
32.33963703174769,-1.4957944321732413
32.372296243117844,-1.4559685006438763
32.4044393513629,-1.4154927313809118
32.43610790751726,-1.3745010746938606
32.4673458647114,-1.3331274808922404
32.4982372036122,-1.29150590028555
32.52889895096571,-1.249770283183307
32.55944912322368,-1.208054579895029
32.590005736837846,-1.1664927407302157
32.62068680825995,-1.1252187159983835
32.65161035394171,-1.0843664560090456
32.68289439033489,-1.0440699110717173
32.71465693389122,-1.0044630314958998
32.74701600106243,-0.9656797675911103
32.78008960830028,-0.9278540696668597
32.81399577205647,-0.891119888032665
32.84885250878278,-0.8556111729980272
32.88477783493094,-0.8214618748724631
32.92188976695266,-0.7888059439654839
32.9603063212997,-0.7577773305866056
33.000145497591326,-0.728509976419865
33.041476657452435,-0.7011128995980176
33.08421383341633,-0.6756155230189517
33.1282401167967,-0.6520314143816588
33.17343859890723,-0.6303741413851212
33.21969237106162,-0.6106572717283307
33.26688452457353,-0.5928943731102788
33.31489815075666,-0.5770990132299487
33.363616340924715,-0.5632847597863319
33.41292218639135,-0.5514651804784167
33.46269877847027,-0.5416538430051937
33.51282920847515,-0.5338643150656481
33.56319656771968,-0.5281101643587703
33.61368394751754,-0.5244049585835489
33.66417443918243,-0.522762265438973
33.714551134028035,-0.5231956526240302
33.76469712336803,-0.5257186878377098
33.81449549851611,-0.5303449387790006
33.86382935078594,-0.5370879731468898
33.91258177149124,-0.5459613586403682
33.960635851945675,-0.5569786629584237
34.007874683462944,-0.5701534538000448
34.054181357356704,-0.5854992988642178
34.09943896494067,-0.6030297658499355
34.14353059752854,-0.6227584224561853
34.186343070175965,-0.6446961361364424
34.22785553229447,-0.6687868187312506
34.268143343691875,-0.6949046157844553
34.307286363537095,-0.722920410159653
34.34536445099902,-0.7527050847204357
34.382457465246596,-0.7841295223304081
34.41864526544872,-0.8170646058531623
34.45400771077429,-0.8513812181522944
34.48862466039223,-0.8869502420913962
34.522575973471454,-0.923642560534073
34.55594150918088,-0.9613290563439167
34.58880112668941,-0.9998806123845237
34.62123468516595,-1.0391681115194846
34.653322043779426,-1.0790624366124062
34.685143061698746,-1.1194344705268802
34.71677759809282,-1.1601550961265024
34.74830551213056,-1.201095196274863
34.779806662980874,-1.24212565383557
34.811360909812684,-1.2831173516722143
34.8430481117949,-1.3239411726483865
34.87494812809643,-1.3644679996276936
34.90714081788618,-1.4045687154737263
34.93970604033309,-1.444114203050082
34.97272365460603,-1.4829753452203496
35.00627351987396,-1.5210230248481378
35.04043549530573,-1.5581281247970364
35.075289440070314,-1.5941615279306427
35.11091521333659,-1.6289941171125475
35.14739267427349,-1.6624967752063573
35.1848016820499,-1.6945403850756624
35.22322209583476,-1.7249958295840604
35.26273377479695,-1.7537339915951424
35.30341657810542,-1.7806257539725137
35.34535035869833,-1.8055420042329262
35.388577735727864,-1.8283814364486572
35.433016216525765,-1.849136179422877
35.478557058810644,-1.8678179654265716
35.525091520301096,-1.8844385267307184
35.57251085871571,-1.899009595606295
35.6207063317731,-1.9115429043242862
35.669569197191855,-1.9220501851556706
35.718990712690584,-1.9305431703714286
35.76886213598786,-1.9370335922425383
35.81907472480231,-1.9415331830399822
35.869519736852524,-1.9440536750347408
35.92008842985708,-1.9446068004977932
35.97067206153459,-1.9432042917001193
36.02116188960366,-1.9398578809127007
36.07144917178288,-1.934579300406517
36.12142516579086,-1.9273802824525477
36.17098112934618,-1.9182725593217755
36.22000832016744,-1.9072678632851774
36.26839799597326,-1.8943779266137353
36.31604141448221,-1.8796144815784317
36.362829833412896,-1.8629892604502418
36.40865451048393,-1.844513995500149
36.453406703413904,-1.8242004189991325
36.496977669921385,-1.8020602632181764
36.53925866772503,-1.7781052604282548
36.58014095454338,-1.7523471429003503
36.61951578809507,-1.7247976429054441
36.657274426098695,-1.69546849271452
36.6933409559799,-1.6643858721328246
36.72784358088992,-1.6316657871993434
36.76098882860305,-1.5974587126637982
36.79298338800392,-1.561915194176547
36.82403394797718,-1.5251857773879332
36.85434719740744,-1.4874210079483159
36.88412982517935,-1.4487714315080473
36.91358852017753,-1.4093875937174867
36.94292997128665,-1.3694200402269765
36.972360867391295,-1.3290193166868753
37.00208789737613,-1.288335968747543
37.03231775012578,-1.2475205420593198
37.06325711452488,-1.206723582272566
37.09511267945806,-1.166095635037635
37.12809107193248,-1.125787246004885
37.16233626751347,-1.0859489608246584
37.19781167152585,-1.046731325147314
37.23444835338925,-1.0082848846232058
37.272177382523324,-0.9707601849026919
37.31092982834773,-0.9343077716361148
37.350636760282114,-0.8990781904738334
37.39122924774614,-0.8652219870662009
37.43263836015943,-0.8328897070635756
37.474795166941654,-0.802231896116301
37.51763073751248,-0.7733990998747357
37.56107614129151,-0.7465418639892325
37.60506244769845,-0.7218107341101487
37.649520726152915,-0.6993562558878299
37.694382046074566,-0.6793289749726336
37.73957753984495,-0.6618790426250304
37.785048534380515,-0.647092752087772
37.830757719659374,-0.6349225795358666
37.876670473452755,-0.6253041649530909
37.92275217353185,-0.6181731483232221
37.96896819766788,-0.613465169630035
38.01528392363206,-0.6111158688573066
38.06166472919561,-0.6110608859888137
38.10807599212971,-0.6132358610083325
38.154483090205616,-0.61757643389964
38.200851401194534,-0.6240182446465121
38.24714630286765,-0.6324969332327258
38.2933331729962,-0.6429481396420555
38.33937738935137,-0.655307503858281
38.385244329704406,-0.6695106658651774
38.43089937182651,-0.6854932656465208
38.476307893488894,-0.7031909431860852
38.52143527246275,-0.7225393384676524
38.56624688651933,-0.7434740914749962
38.61070811342982,-0.7659308421918898
38.65478433096542,-0.7898452306021158
38.6984409168974,-0.8151528966894479
38.74164324899691,-0.8417894804376624
38.78435670503519,-0.8696906218305323
38.82654666278344,-0.8987919608518409
38.8681785000129,-0.9290291374853616
38.90921759449478,-0.9603377917148705
38.94962932400025,-0.9926535635241399
38.989379066300565,-1.0259120928969547
39.02843219916692,-1.0600490198170875
39.06675410037054,-1.0949999842683142
39.10431014768263,-1.130700626234407
39.141065718874394,-1.1670865856991512
39.17698619171707,-1.20409350264632
39.21203694398184,-1.241657017059688
39.24618335343993,-1.279712768923027
39.27940883115676,-1.31818853190761
39.311827100142715,-1.3569552362442558
39.34360914909834,-1.3958588322677015
39.37492621328499,-1.4347451627602696
39.40594952796403,-1.4734600705042655
39.43685032839684,-1.5118493982820027
39.46779984984477,-1.5497589888757874
39.49896932756921,-1.5870346850679429
39.53052999683151,-1.623522329640775
39.562653092893015,-1.6590677653765953
39.595509851015116,-1.6935168350577117
39.62927150645919,-1.7267153814664464
39.66410929448658,-1.7585092473851054
39.700194450358666,-1.7887442755960021
39.73769820933679,-1.8172663088814427
39.77679180668235,-1.8439211900237489
39.817646477656695,-1.8685547618052276
39.86043345752119,-1.8910128670081914
39.90531694128602,-1.911144359148409
39.95226377230202,-1.9288824883391156
40.001021490377404,-1.9442542889204546
40.051326189377214,-1.957291690041459
40.10291396316655,-1.9680266208511674
40.15552090561047,-1.9764910104986133
40.20888311057404,-1.9827167881328327
40.26273667192232,-1.986735882902857
40.31681768352039,-1.988580223957725
40.37086223923332,-1.9882817404464703
40.42460643292616,-1.9858723615181282
40.477786358464,-1.9813840163217329
40.53013810971189,-1.9748486340063194
40.58139778053492,-1.966298143720924
40.63130146479813,-1.9557644746145793
40.67958543872387,-1.9432795590640919
40.72607535768319,-1.928876911479072
40.770830100476196,-1.9125941743809143
40.8139461094648,-1.894469655175255
40.855519827010845,-1.874541661267721
40.89564769547625,-1.852848500063947
40.93442615722289,-1.8294284789695652
40.97195165461264,-1.8043199053902121
41.00832063000742,-1.7775610867315137
41.043629525769084,-1.7491903303991045
41.07797478425954,-1.7192459437986187
41.11145284784067,-1.6877662343356918
41.144160158874335,-1.6547895094159477
41.17619315972246,-1.6203540764450235
41.207648292746924,-1.5844982428285517
41.2386220003096,-1.5472603159721696
41.26921072477239,-1.508678603281499
41.29951090849716,-1.4687918890898948
41.32961899384583,-1.4276988911324502
41.35963142318024,-1.385615943142724
41.389644638862336,-1.3427730635099686
41.41975508325394,-1.2994002706234498
41.450059198716986,-1.2557275828724361
41.48065342761336,-1.211985018646177
41.511634212304934,-1.16840259633394
41.54309799515358,-1.125210334324988
41.5751412185212,-1.0826382510085877
41.6078603247697,-1.0409163647739894
41.641351756260946,-1.000274694010461
41.675711955356824,-0.9609432571072639
41.711037364419234,-0.9231520724536654
41.747424425810046,-0.8871311584389171
41.784969421822794,-0.8531103136852449
41.82372117366864,-0.8212541747733598
41.86361504020892,-0.7915715993176867
41.90456978184123,-0.7640486559498799
41.946504158963094,-0.7386714133016075
41.98933693197208,-0.7154259400045314
42.03298686126573,-0.6942983046903182
42.077372707241594,-0.6752745759906248
42.12241323029724,-0.6583408225371168
42.16802719083022,-0.6434831129614594
42.21413334923807,-0.6306875158953115
42.26065046591836,-0.6199400999703378
42.30749730126866,-0.611226933818202
42.35459261568648,-0.6045340860705674
42.401855169569416,-0.599847625359095
42.44920372331499,-0.5971536203154487
42.496557037320756,-0.5964381395712921
42.5438338719843,-0.5976872517582873
42.59095582401603,-0.600885234902207
42.63788797975689,-0.605988911387723
42.68462944922454,-0.6129336239537377
42.73118024972809,-0.6216541425527844
42.777540398576626,-0.6320852371373998
42.823709913079234,-0.6441616776601173
42.86968881054502,-0.6578182340734717
42.91547710828305,-0.6729896763299945
42.96107482360246,-0.6896107743822251
43.006481973812306,-0.7076162981826952
43.051698576221675,-0.7269410176839366
43.096724648139684,-0.7475197028384895
43.14156020687543,-0.7692871235988857
43.18620526973799,-0.792178049917659
43.23065985403645,-0.8161272517473411
43.27492397707992,-0.8410694990404727
43.318997656177466,-0.8669395617495851
43.362880908638225,-0.8936722098272127
43.40657375177125,-0.9212022132258861
43.450076202885654,-0.9494643418981473
43.49338827929052,-0.978393365796527
43.53650999829494,-1.0079240548735597
43.579441377208006,-1.0379911790817753
43.62218243333882,-1.0685295083737172
43.664733183996454,-1.0994738127019144
43.70709364649004,-1.130758862018903
43.74926383812861,-1.1623194262772119
43.79124377622132,-1.194090275429385
43.83303347807723,-1.2260061794279515
43.87463296100542,-1.258001908225442
43.91604224231501,-1.2900122317743992
43.957261962394206,-1.3219815548786962
43.99829563967923,-1.3538987864239604
44.039147623024284,-1.3857656762879382
44.07982226136299,-1.4175839755755124
44.12032390362893,-1.4493554353915512
44.16065689875568,-1.4810818068409304
44.200825595676825,-1.5127648410285173
44.24083434332596,-1.5444062890591954
44.280687490636666,-1.5760079020378344
44.32038938654254,-1.6075714310693074
44.35994437997716,-1.6390986272584842
44.399356819874136,-1.6705912417102478
44.43863105516703,-1.7020510255294663
44.47777143478943,-1.7334797298210105
44.51678230767495,-1.7648791056897626
44.55566802275715,-1.7962509042405912
44.59443292896964,-1.827596876578371
44.63308137524599,-1.8589187738079707
44.6716177105198,-1.890218347034274
44.710046283724644,-1.9214973473621488
44.74837144379413,-1.95275752589647
44.78659753966183,-1.9840006337421066
44.82472892026132,-2.0152284220039407
44.862769934526206,-2.046442641786842
44.90072493139009,-2.077645044195686
44.93859825978653,-2.1088373803353395
44.976394268649145,-2.140021401310686
45.01411730691149,-2.171198858226596
45.051771723507166,-2.2023715021879413
45.08936186736977,-2.233541084299593
45.12689208743288,-2.264709355666432
45.16436673263008,-2.29587806739333
45.20179015189497,-2.327048970585154
45.23916669416112,-2.3582238163467886
45.27650070836216,-2.389404355783102
45.31379654343162,-2.4205923399989686
45.35105854830312,-2.451789520099256
45.388291071910245,-2.4829976471888493
45.425498463186585,-2.5142184723726175
45.46268507106572,-2.5454537467554323
45.49985524448123,-2.576705221442165
45.53701333236672,-2.607974647537698
45.57416368365579,-2.6392637761469
45.61131064728199,-2.6705743583746453
45.64845857217893,-2.7019081453258034
45.6856118072802,-2.733266888105257
45.722774701519384,-2.764652337817874
45.75995160383006,-2.7960662455685297
45.797146863145834,-2.8275103624620943
45.83436482840028,-2.8589864396034477
45.87160984852699,-2.890496228097461
45.908886272459554,-2.922041479049004
45.94619844913157,-2.953623943562958
45.98355072747659,-2.9852453727441937
46.02094745642823,-3.0169075176975833
46.05839298492008,-3.0486121295279984
46.09589166188572,-3.0803609593403194
46.133447836258746,-3.112155758239417
46.17106585697274,-3.1439982773301645
46.20875007296128,-3.175890267717431
46.24650483315796,-3.2078334805060997
46.28433448649636,-3.2398296668010405
46.3222433819101,-3.2718805777071256
46.36023586833273,-3.3039879643292247
46.39831629469786,-3.336153577772222
46.43648900993908,-3.3683791691409857
46.47475836298996,-3.4006664895403893
46.51312870278409,-3.4330172900753024
46.55160437825508,-3.4654333218506093
46.59018973833649,-3.497916335971176
46.62888913196192,-3.5304680835418747
46.66770690806496,-3.5630903156675866
46.7066474155792,-3.5957847834531815
46.74571500343823,-3.6285532380035335
46.78491402057563,-3.661397430423511
46.824248815924975,-3.6943191118179985
46.86372373841987,-3.7273200332918632
46.90334313699391,-3.7604019459499813
46.943111360580666,-3.793566600897219
46.98303275811373,-3.826815749238461
47.0231116785267,-3.860151142078578
47.06335247075315,-3.8935745305224403
47.10375948372668,-3.927087665674919
47.14433706638086,-3.9606922986408986
47.18508936132288,-3.9943786964354993
47.22601917340497,-4.028062666886243
47.26712877401355,-4.0616303252099275
47.30842043315023,-4.094967709552231
47.349896420816776,-4.127960858058812
47.39155900701482,-4.1604958088753365
47.4334104617461,-4.19245860014748
47.475453055012274,-4.2237352700209065
47.517689056815044,-4.254211856641284
47.5601207371561,-4.2837743981542715
47.60275036603714,-4.31230893270555
47.645580213459844,-4.339701498440779
47.68861254942589,-4.365838133505629
47.73184964393698,-4.390604876045759
47.77529376699483,-4.41388776420685
47.818947188601086,-4.435572836134559
47.86281217875746,-4.455548263305499
47.90689100746564,-4.473784102642292
47.95118594472732,-4.490356180931451
47.99569926054419,-4.505347333482573
48.04043322491793,-4.518840395605255
48.08539010785024,-4.530918202609099
48.130572179342806,-4.541663589803705
48.17598170939733,-4.551159392498672
48.22162096801548,-4.559488446003596
48.26749222519895,-4.566733585628081
48.313597750949455,-4.572977646681726
48.35993981526866,-4.578303464474128
48.40652068815826,-4.582793874314887
48.45334263961994,-4.586531711513604
48.50040793965542,-4.589599811379878
48.54771885826635,-4.592081009223307
48.59527766545444,-4.594058140353492
48.64308663122139,-4.595614040080031
48.691148025568864,-4.596831543712523
48.73946411849857,-4.597793486560571
48.78803629597433,-4.598577115728653
48.836858580035575,-4.59921312927487
48.885921336747884,-4.599709115012332
48.93521490578497,-4.6000724939251505
48.98472962682059,-4.600310686997435
49.03445583952842,-4.600431115213301
49.08438388358219,-4.6004411995568555
49.13450409865562,-4.600348361012214
49.18480682442244,-4.600160020563486
49.23528240055637,-4.599883599194785
49.2859211667311,-4.599526517890221
49.33671346262038,-4.599096197633909
49.38764962789792,-4.598600059409954
49.438720002237446,-4.598045524202475
49.48991492531266,-4.59744001299558
49.54122473679729,-4.596790946773382
49.59263977636506,-4.596105746519992
49.64415038368968,-4.595391833219522
49.69574689844487,-4.594656627856082
49.747419660304345,-4.593907551413787
49.79915900894186,-4.593152081287383
49.850955284031095,-4.592400485933786
49.902798825245775,-4.591667049329966
49.95467997225962,-4.5909663669578045
50.00658906474636,-4.5903130342991805
50.05851644237969,-4.589721646835974
50.110452444833356,-4.589206800050068
50.16238741178107,-4.588783089423338
50.21431168289655,-4.588465110437667
50.26621559785352,-4.5882674585749355
50.31808949632567,-4.588204729317025
50.36992371798676,-4.588291518145814
50.421708602510485,-4.588542420543182
50.473434489570565,-4.588972031991012
50.525091718840734,-4.5895949479711815
50.57667062999469,-4.590425763965573
50.62816156270616,-4.591479075456065
50.679554856648885,-4.59276947792454
50.73084085149655,-4.594311566852875
50.782009886922886,-4.596119937722953
50.83305230260163,-4.598209186016654
50.883960167268214,-4.600584269381755
50.93473357216805,-4.603205427791989
50.9853749335953,-4.6060199413401355
51.03588666808663,-4.608975088767279
51.0862711921787,-4.6120181488144985
51.13653092240817,-4.615096400222877
51.186668275311725,-4.6181571217335
51.236685667426,-4.621147592087445
51.28658551528768,-4.624015090025799
51.33637023543343,-4.626706894289639
51.38604224439991,-4.62917028362005
51.435603958723775,-4.631352536758115
51.485057794941696,-4.633200932444914
51.53440616959035,-4.634662749421531
51.58365149920639,-4.635685266429047
51.63279620032648,-4.636215762208543
51.68184268948728,-4.636201515501104
51.730793383225475,-4.63558980504781
51.77965069807772,-4.634327909589745
51.82841705058067,-4.63236310786799
51.877094857271004,-4.629642678623627
51.925686534685376,-4.62611390059774
51.974194499360465,-4.621724052531407
52.0226211678329,-4.616420413165715
52.07096895663938,-4.610150261241743
52.119240282316575,-4.602860875500573
52.16743756140113,-4.59449953468329
52.21556321042971,-4.585013517530976
52.26361425698597,-4.574353356729164
52.31153889647268,-4.5624990706916595
52.359259339423296,-4.549446367952623
52.40669755519657,-4.535191102671743
52.453775513151264,-4.519729129008701
52.50041518264614,-4.503056301123178
52.546538533039914,-4.485168473174862
52.59206753369136,-4.466061499323434
52.636924153959264,-4.445731233728578
52.68103036320233,-4.424173530549975
52.724308130779335,-4.401384243947317
52.766679426049045,-4.377359228080277
52.808066218370186,-4.352094337108544
52.84839047710154,-4.3255854251918
52.88757446946618,-4.297828457420286
52.92557967985066,-4.268834004128285
52.96244552891191,-4.238641660652212
52.998220643862815,-4.207294451031232
53.03295365191628,-4.174835399304513
53.066693180285164,-4.14130752951121
53.099487856182364,-4.106753865690497
53.13138630682078,-4.071217431881536
53.16243715941328,-4.034741252123498
53.192689041172756,-3.997368350455538
53.22219057931208,-3.959141750916826
53.25099040104415,-3.920104477546533
53.27913713358189,-3.8802995543838072
53.306679404138116,-3.839770005467837
53.333665839925736,-3.7985588548377756
53.36014506815768,-3.7567091265327752
53.386165716046776,-3.7142638445920277
53.41177641080591,-3.6712660330546845
53.43702577964801,-3.627758715959898
53.461962449785936,-3.583784917346859
53.486635048432596,-3.5393876612547075
53.511092202800825,-3.4946099717226327
53.535382540103576,-3.4494948727897885
53.559554687553685,-3.404085388495327
53.58365727236404,-3.3584245428784394
53.60773892174756,-3.312555359978277
53.6318482629171,-3.2665208638339926
53.65603392308556,-3.2203640784847782
53.68034452946583,-3.1741280279697697
53.70482870927077,-3.1278557363281623
53.72953508971328,-3.0815902275991056
53.75451229800626,-3.0353745258217533
53.779808961362576,-2.9892516550352957
53.80547370699511,-2.9432646392788846
53.831555162116786,-2.8974565025916728
53.85810195394045,-2.851870269012851
53.88516270967899,-2.806548962581572
53.91278605654531,-2.7615356073369877
53.94102062175227,-2.7168732273182896
53.96991503251281,-2.6726048465646155
53.99951718327646,-2.6287745496002293
54.029852120743676,-2.5854594871492633
54.06091811491026,-2.5427755622810975
54.09271191101016,-2.5008408847631194
54.125230254277284,-2.4597735643626777
54.15846988994558,-2.4196917108471236
54.19242756324898,-2.3807134339838454
54.22710001942141,-2.34295684354018
54.26248400369679,-2.306540049283514
54.29857626130907,-2.271581160981197
54.33537353749219,-2.2381982884005844
54.37287257748003,-2.206509541309057
54.41107012650659,-2.176633029473968
54.44996292980575,-2.148686862662671
54.489547732611456,-2.1227891506425456
54.529821280157634,-2.099058003180946
54.57078031767824,-2.0776105449382753
54.61242159040716,-2.0584834391752564
54.6547418435784,-2.0415745030233405
54.69773782242581,-2.0267677905259696
54.74140627218335,-2.0139473557265695
54.785743938084956,-2.0029972526685675
54.830747565364554,-1.9938015353954017
54.87641389925608,-1.9862442579504989
54.92273968499349,-1.9802094743772898
54.96972166781067,-1.9755812387192078
55.01735659294156,-1.9722436050196828
55.06564120562012,-1.9700806273221454
55.11457225108025,-1.9689763596700265
55.164146474555906,-1.9688148561067575
55.21436062128099,-1.96948017067577
55.26521143648945,-1.970856357420494
55.31669566541523,-1.972827470384361
55.36881005329223,-1.9752775636108018
55.4215513453544,-1.9780906911432472
55.47491628682916,-1.9811509070266213
55.52888513143814,-1.9843460295644293
55.583373614948755,-1.9875786035665002
55.63828169774464,-1.9907547746432623
55.69350934020944,-1.9937806884051472
55.74895650272682,-1.9965624904625854
55.80452314568035,-1.9990063264260065
55.860109229453705,-2.0010183419058407
55.91561471443057,-2.0025046825125195
55.97093956099448,-2.0033714938564713
56.02598372952916,-2.0035249215481286
56.080647180418225,-2.0028711111979187
56.134829874045295,-2.0013162084162746
56.18843177079403,-1.998766358813625
56.24135283104804,-1.9951277080004017
56.29349301519098,-1.9903064015870342
56.344752283606496,-1.9842085851839508
56.39503059667822,-1.9767404044015855
56.444227914789764,-1.967808004850367
56.492244198324805,-1.9573175321407221
56.53897940766697,-1.9451751318830874
56.584333503199886,-1.9312869496878864
56.62820644530719,-1.9155591311655566
56.67049819437253,-1.8978978219265255
56.711108710779534,-1.8782091675812167
56.749937954911864,-1.8563993137400725
56.786885887153105,-1.8323744060135168
56.821852467886956,-1.8060405900119734
56.85473765749702,-1.7773040113458867
56.88544956630685,-1.746078802477824
56.91403181632848,-1.7124118958456702
56.94063975094746,-1.6764597096138212
56.96543204977011,-1.6383819314064332
56.98856739240261,-1.5983382488477051
57.0102044584512,-1.5564883495618016
57.03050192752215,-1.512991921172887
57.049618479221714,-1.4680086513051616
57.06771279315609,-1.4216982275827903
57.08494354893156,-1.3742203376299351
57.101469426154324,-1.3257346690707996
57.117449104430655,-1.2764009095295332
57.13304126336678,-1.2263787466303395
57.14840458256895,-1.1758278679973806
57.1636977416434,-1.1249079612548196
57.17907942019635,-1.0737787140268606
57.19470829253986,-1.0225998139376657
57.21073465993464,-0.9715309486113969
57.22728348829723,-0.9207318056722594
57.24447497007888,-0.8703620727444152
57.262429297730826,-0.8205814374520263
57.2812666637043,-0.7715495874192974
57.30110726045056,-0.7234262102703766
57.322071280420815,-0.6763709936294682
57.344278916066315,-0.6305436251207344
57.367850359838314,-0.586103792368339
57.392905804188025,-0.543211182996484
57.41956544156669,-0.5020254846293319
57.44794946442557,-0.4627063848910492
57.4781780652159,-0.4254135714058339
57.51037143638888,-0.39030673179784137
57.54464977039581,-0.3575455536912679
57.58113325968787,-0.32728972471027934
57.619942096716336,-0.2996989324790447
57.661196473932414,-0.274932864621756
57.704949977655026,-0.2531236002622293
57.75097057044659,-0.23428482636873657
57.79894966821716,-0.21839850102510902
57.8485786859859,-0.20544658194586576
57.89954903877201,-0.19541102684552897
57.95155214159459,-0.18827379343862918
58.00427940947282,-0.18401683943968708
58.0574222574259,-0.1826221225632299
58.11067210047292,-0.1840716005237807
58.163720353633096,-0.1883472310358659
58.21625843192555,-0.19543097181400781
58.26797775036945,-0.2053047805727321
58.31856972398397,-0.2179506150265674
58.367725767788244,-0.23335043289003132
58.415137296801454,-0.2514861918776574
58.46049572604272,-0.27233984970396014
58.50349247053125,-0.295893364083469
58.543818945286176,-0.3221286927307164
58.58116659493118,-0.3510277850856318
58.61533759115106,-0.3825416419367538
58.64649473355938,-0.4165204671405661
58.6748741167409,-0.45279397831923995
58.70071183528045,-0.4911918930949755
58.72424398376284,-0.5315439290899757
58.74570665677286,-0.573679803926408
58.76533594889529,-0.6174292352264875
58.783367954714954,-0.6626219406123798
58.800038768816634,-0.7090876377062877
58.81558448578516,-0.7566560441304163
58.83024120020529,-0.805156877506929
58.84424500666185,-0.8544198554580301
58.857831999739645,-0.9042746956059247
58.871238274023476,-0.9545511155727754
58.88469992409811,-1.005078832980801
58.89845304454836,-1.055687565452164
58.91273372995905,-1.1062070306090699
58.92777807491497,-1.156466946073723
58.94382217400091,-1.2062970294682858
58.96110212180168,-1.2555269984149637
58.979848749756506,-1.303988176190379
59.00016329811707,-1.3515514211097461
59.02201248678102,-1.398128630292676
59.04535678623644,-1.443633607397733
59.07015666697146,-1.487980156083443
59.096372599474186,-1.5310820800083829
59.12396505423271,-1.572853182831081
59.152894501735155,-1.6132072682101006
59.18312141246964,-1.6520581398040046
59.21460625692425,-1.689319601271324
59.2473095055871,-1.724905456270621
59.2811916289463,-1.758729508460457
59.31621309748996,-1.7907055614993654
59.35233438170619,-1.820747419045915
59.3895159520831,-1.8487688847586417
59.42771827910879,-1.8746837622961052
59.466901833271386,-1.8984058553168646
59.50702708505896,-1.9198673683632461
59.54805450495964,-1.9391210637154324
59.589944563461565,-1.9562682382976622
59.63265773105279,-1.971410322040539
59.676154478221456,-1.9846487448746826
59.72039527545568,-1.9960849367307074
59.76534059324352,-2.0058203275392223
59.810950902073145,-2.0139563472308444
59.857186672432654,-2.020594425736184
59.9040083748101,-2.025835992985857
59.95137647969367,-2.029782478910477
59.999251457571404,-2.0325353134406563
60.04759377893143,-2.034195926507009
60.096363914261886,-2.034865748040147
60.145522334050845,-2.034646207970687
60.19502950878643,-2.033638736229239
60.244845908956755,-2.0319447627464196
60.294932005049915,-2.0296657174528403
60.34524826755405,-2.0269030302791147
60.395755166957215,-2.023758131155857
60.44641317374754,-2.020332450013681
60.49718275841317,-2.016727416783197
60.54802439144216,-2.0130444613950234
60.59889854332265,-2.009385013779771
60.6497692008754,-2.0058412923178888
60.700625457541406,-2.0024397449080094
60.75146732379655,-1.9991782206715918
60.80229485481126,-1.9960544516458278
60.85310810575612,-1.9930661698679069
60.90390713180165,-1.9902111073750168
60.95469198811831,-1.9874869962043487
61.005462729876626,-1.9848915683930917
61.05621941224712,-1.9824225559784356
61.10696209040028,-1.9800776909975697
61.157690819506655,-1.9778547054876838
61.208405654736715,-1.9757513314859674
61.25910665126098,-1.9737653010296106
61.30979386424997,-1.971894346155802
61.36046734887419,-1.9701361989017316
61.41112716030415,-1.9684885913045898
61.46177335371037,-1.966949255401565
61.512405984263346,-1.9655159232298478
61.563025107133576,-1.9641863268266273
61.6136307774916,-1.9629581982290927
61.66422305050791,-1.9618292694744348
61.71480198135303,-1.9607972725998417
61.76536762519745,-1.9598599396425043
61.81592003721169,-1.9590150026396111
61.86645927256627,-1.9582601936283521
61.91698538643167,-1.9575932446459174
61.967498433978406,-1.9570118877294962
62.01799847037705,-1.9565138549162777
62.06848555079804,-1.9560968782434527
62.118959730411916,-1.9557586897482093
62.169421064389155,-1.9554970214677383
62.21986960790033,-1.9553096054392283
62.270305416115896,-1.9551941736998693
62.320728544206375,-1.9551484582868517
62.37113904734229,-1.9551701912373638
62.42153698069416,-1.9552571045885958
62.471922399432444,-1.9554069303777377
62.52229535872772,-1.955617400641978
62.57265591375047,-1.9558862474185075
62.623004119671165,-1.9562112027445155
62.67334003166039,-1.9565899986571909
62.72366370488858,-1.957020367193724
62.77397519452628,-1.957500040391304
62.824274555744026,-1.9580267502871207
62.87456184371228,-1.9585982289183637
62.92483711360158,-1.9592122083222225
62.97510042058246,-1.9598664205358864
63.025351819825346,-1.960558597596546
63.07559136650083,-1.9612864715413898
63.1258191157794,-1.962047774407608
63.176035122831536,-1.9628402382323897
63.22623944282778,-1.9636615950529255
63.276432130938645,-1.9645095769064038
63.3266132423346,-1.965381915830015
63.37678283218622,-1.966276343860948
63.42694095566396,-1.967190593036393
63.47708766793834,-1.9681223953935398
63.52722302417991,-1.9690694829695774
63.57734707955912,-1.9700295878016953
63.62745988924654,-1.9710004419270841
63.6775615084126,-1.971979777382932
63.72765199222789,-1.9729653262064295
63.777731395862894,-1.9739548204347663
63.82779977448811,-1.9749459921051313
63.87785718327405,-1.9759365732547147
63.92790367739125,-1.9769242959207056
63.97793931201017,-1.9779068921402938
64.02796414230136,-1.9788820939506693
64.07797822343532,-1.9798476333890216
64.12798161058257,-1.9808012424925399
64.17797435891359,-1.9817406532984139
64.2279565235989,-1.9826635978438332
64.27792815980904,-1.983567808165987
64.3278893227145,-1.984451016302066
64.37784006748578,-1.9853109542892593
64.4277804492934,-1.9861453541647558
64.47771052330788,-1.9869519479657463
64.52763034469969,-1.987728467729419
64.5775399686394,-1.9884726454929647
64.62743945029747,-1.9891822132935726
64.67732884484442,-1.9898549031684318
64.7272082074508,-1.9904884471547328
64.77707759328706,-1.9910805772896643
64.82693705752375,-1.9916290256104165
64.87678665533136,-1.992131524154179
64.92662644188043,-1.992585804958141
64.97645647234143,-1.9929896000594924
65.02627680188489,-1.993340641495423
65.07608748568131,-1.9936366613031211
65.12588857890123,-1.9938753915197784
65.17568013671513,-1.994054564182583
65.22546221429351,-1.994171911328725
65.27523486680693,-1.9942251649953942
65.32499814942587,-1.9942120572197797
65.37475211732078,-1.9941303200390703
65.42449682566229,-1.9939776854904578
65.47423232962082,-1.9937518856111298
65.52395868436693,-1.9934506524382771
65.57367594507107,-1.9930717180090887
65.62338416690383,-1.992612814360755
65.67308340503567,-1.9920716735304642
65.72277371463707,-1.9914460275554071
65.77245515087861,-1.9907336084727727
65.82212776893077,-1.9899321483197505
65.87179162396404,-1.9890393791335308
65.92144677114895,-1.9880530329513022
65.97109326565604,-1.9869708418102552
66.02073116265576,-1.9857905377475795
66.07036051731866,-1.9845098528004637
66.11998138481523,-1.983126519006098
66.169593820316,-1.9816382684016727
66.21919787899145,-1.9800428330243753
66.26879361601212,-1.9783379449113976
66.31838108654848,-1.9765213360999279
66.36796034577111,-1.9745907386271562
66.41753144885044,-1.9725438845302723
